00038,PRESENT
121810310018,PRESENT
16491A04C5,ABSENT
168A1A0455,PRESENT
18091A04H9,PRESENT
181FA06009,PRESENT
18471A0551,PRESENT
18691A04E8,PRESENT
18691A0544,ABSENT
18761A0479,PRESENT
1881951044,PRESENT
18BF1A05C3,PRESENT
18BF1A05C4,PRESENT
18F01A0548,PRESENT
18FE1A05A1,PRESENT
18FE1A05A7,PRESENT
18FE1A05B7,PRESENT
18HT1A0519,PRESENT
19005A0503,PRESENT
19005A0520,PRESENT
19005A0521,PRESENT
19131a05n2,PRESENT
192U1A0514,PRESENT
19695A0514,PRESENT
19765A0501,PRESENT
199w1f0074,ABSENT
19BQ1A0536 ,ABSENT
19BQ1A0536,PRESENT
19BQ1A0551 ,ABSENT
19BQ1A0551,PRESENT
19KQ1A0502,PRESENT
19KQ1A0504,PRESENT
19KQ1A0505,PRESENT
19KQ1A0506,PRESENT
19KQ1A0507,PRESENT
19KQ1A0508,PRESENT
19KQ1A0511,PRESENT
19KQ1A0518,PRESENT
19KQ1A0519,PRESENT
19KQ1A0521,PRESENT
19KQ1A0522,PRESENT
19KQ1A0523,PRESENT
19KQ1A0526,PRESENT
19KQ1A0528,ABSENT
19KQ1A0530,PRESENT
19KQ1A0532,PRESENT
19KQ1A0534,ABSENT
19KQ1A0541,PRESENT
19KQ1A0547,PRESENT
19KQ1A0548,PRESENT
19KQ1A0550,PRESENT
19KQ1A0564,PRESENT
19KQ1A05H1,PRESENT
19KQ1AO528,ABSENT
19KQA0505,ABSENT
19kQ1A0534,PRESENT
19kq1a0514,ABSENT
19kq1a0520,ABSENT
19kq1a0527,PRESENT
19kq1a05h4,PRESENT
19kq1a0705,PRESENT
19kq1a0718,PRESENT
19kq1a0721,ABSENT
19kq1a0725,PRESENT
20kQ5AO513,PRESENT
20kq5a0504 ,PRESENT
319506402074,ABSENT
319506402075,PRESENT
319506402097,PRESENT
319506402100,PRESENT
319506402102,PRESENT
319506402106,PRESENT
321810401037,ABSENT
321810401044,PRESENT
AP18110010142,PRESENT
AP19110010038,PRESENT
AP19110010054,PRESENT
AP19110010095 ,ABSENT
AP19110010095,PRESENT
AP19110010141,PRESENT
AP19110010170,PRESENT
AP19110010195,PRESENT
AP19110010204,PRESENT
AP19110010226,PRESENT
AP19110010243,PRESENT
AP19110010288,PRESENT
AP19110010297,PRESENT
AP19110010317,PRESENT
AP19110010408,PRESENT
AP19110010410,PRESENT
AP19110010488,PRESENT
AP19110010492,PRESENT
AP19110010497,PRESENT
AP19110010503,PRESENT
AP19110010546,PRESENT
N Ravi Kumar ,PRESENT
S160179,ABSENT
S160188,PRESENT
Sk Badulla,ABSENT
Y16ME927,PRESENT
Y18ACS431,PRESENT
Y18ACS465,PRESENT
Y18ACS473,PRESENT
Y18ACS474,ABSENT
Y18ACS482,PRESENT
Y18ACS483 ,PRESENT
Y18ACS484,PRESENT
Y18ACS501,PRESENT
Y18ACS511,PRESENT
